{
    "camille_batelang_start": {
      "sounds": [
        "beam_start"
      ],
      "category": "player"
    },

    "camille_batelang_stop": {
      "sounds": [
        "beam_stop"
      ],
      "category": "player"
    },
    
    "camille_batelang_eyeson": {
      "sounds": [
        "eyes_start"
      ],
      "category": "player"
    },

    "camille_batelang_eyesoff": {
      "sounds": [
        "eyes_stop"
      ],
      "category": "player"
    },
    "spit": {
      "sounds": [
        "spit"
      ],
      "category": "player"
    },

    "camille_batelang_loop": {
      "sounds": [
        "beam_loop"
      ],
      "category": "player"
    }
}